,City,Cloudiness,Country,Date,Humidity,Lat,Lng,Max Temp,Wind Speed
0,Bambous Virieux,75,MU,1558562843,83,-20.34,57.76,75.2,10.13
1,Punta Arenas,90,CL,1558562828,93,-53.16,-70.91,46.4,4.7
2,Chimoio,0,MZ,1558562843,82,-19.11,33.48,62.6,1.95
3,Bluff,0,AU,1558562843,79,-23.58,149.07,59.11,10.4
4,Dingle,100,PH,1558562847,82,11.0,122.67,78.19,2.66
5,Longyearbyen,0,NO,1558562847,74,78.22,15.63,25.81,6.29
6,Campo Grande,40,BR,1558562847,54,-20.46,-54.62,80.6,4.7
7,Ostrovnoy,79,RU,1558562847,76,68.05,39.51,33.55,14.81
8,Ouesso,46,CG,1558562847,73,1.61,16.05,77.29,2.17
9,Port Blair,100,IN,1558562652,73,11.67,92.75,84.85,7.87
10,Hobart,75,AU,1558562846,62,-42.88,147.33,55.0,8.05
11,Sola,0,FI,1558562848,87,62.78,29.36,46.0,11.41
12,Rockland,1,US,1558562611,47,42.13,-70.92,72.0,8.05
13,Victoria,75,BN,1558562831,88,5.28,115.24,80.6,2.24
14,Ust-Tsilma,95,RU,1558562849,73,65.44,52.15,37.87,3.85
15,Avarua,31,CK,1558562849,94,-21.21,-159.78,75.2,14.99
16,Mataura,8,NZ,1558562849,83,-46.19,168.86,53.01,1.99
17,Rikitea,35,PF,1558562849,73,-23.12,-134.97,75.85,10.89
18,Linjiang,66,CN,1558562849,64,41.81,126.91,46.15,3.87
19,Geraldton,90,CA,1558562850,93,49.72,-86.95,46.4,9.17
20,Kruisfontein,0,ZA,1558562850,81,-34.0,24.73,50.47,4.34
21,Hilo,40,US,1558562777,48,19.71,-155.08,84.2,11.41
22,Luganville,40,VU,1558562850,65,-15.51,167.18,77.0,9.17
23,Haines Junction,0,CA,1558562850,29,60.75,-137.51,60.37,10.51
24,Provideniya,75,RU,1558562850,85,64.42,-173.23,33.8,4.47
25,Albany,75,US,1558562561,30,42.65,-73.75,71.01,4.7
26,Qaanaaq,99,GL,1558562851,77,77.48,-69.36,28.87,4.36
27,Sao Felix do Xingu,55,BR,1558562851,94,-6.64,-51.99,75.85,5.08
28,Cape Town,0,ZA,1558562851,93,-33.93,18.42,60.01,4.7
29,Chokurdakh,86,RU,1558562851,83,70.62,147.9,20.23,18.32
30,Hovd,0,NO,1558562852,63,63.83,10.7,66.2,10.29
31,Uyovu,34,TZ,1558562852,79,-3.28,31.53,66.67,2.89
32,Vila Franca do Campo,20,PT,1558562852,82,37.72,-25.43,62.6,9.17
33,Finnsnes,0,NO,1558562852,52,69.23,17.98,41.0,18.34
34,Bredasdorp,41,ZA,1558562852,87,-34.53,20.04,53.6,4.7
35,Rotifunk,86,SL,1558562852,76,8.23,-12.68,82.15,4.9
36,Saskylakh,52,RU,1558562853,87,71.97,114.09,29.59,8.99
37,Santa Maria,90,BR,1558562687,93,-29.69,-53.81,66.2,6.93
38,Pekan,75,MY,1558562853,100,3.49,103.39,75.2,1.12
39,Williston,20,US,1558562854,33,48.15,-103.62,68.0,13.87
40,Claymont,1,US,1558562854,36,33.2,-87.5,93.2,11.41
41,Emerald,0,AU,1558562854,76,-23.53,148.16,61.0,8.05
42,Samarai,28,PG,1558562854,95,-10.62,150.67,74.23,4.76
43,Umba,30,RU,1558562854,66,66.69,34.34,34.27,5.55
44,Castro,75,CL,1558562855,87,-42.48,-73.76,44.6,5.82
45,Yaan,71,NG,1558562855,50,7.38,8.57,87.19,7.56
46,Atuona,21,PF,1558562855,75,-9.8,-139.03,82.33,11.7
47,Changli,35,CN,1558562855,70,30.54,105.42,67.75,1.97
48,Plettenberg Bay,0,ZA,1558562856,72,-34.05,23.37,54.07,3.38
49,Ribeira Grande,0,PT,1558562856,87,38.52,-28.7,63.25,10.07
50,Nanortalik,95,GL,1558562856,74,60.14,-45.24,40.21,2.04
51,Ushuaia,90,AR,1558562856,86,-54.81,-68.31,37.4,17.22
52,Lebork,40,PL,1558562856,93,54.54,17.75,57.99,11.41
53,Riyadh,0,SA,1558562573,20,24.63,46.72,86.0,4.7
54,Nikolskoye,40,RU,1558562856,82,59.7,30.79,60.8,4.47
55,Teshie,20,GH,1558562857,83,5.58,-0.11,82.4,5.82
56,Carnarvon,0,ZA,1558562857,27,-30.97,22.13,51.37,2.35
57,Antalaha,59,MG,1558562857,99,-14.9,50.28,65.95,2.06
58,Airai,73,TL,1558562857,62,-8.93,125.41,74.59,7.45
59,Port Elizabeth,1,US,1558562857,43,39.31,-74.98,78.01,6.93
60,Imeni Poliny Osipenko,0,RU,1558562858,76,52.42,136.49,47.05,2.06
61,Sao Joao da Barra,0,BR,1558562858,88,-21.64,-41.05,77.0,5.82
62,Sept-Iles,90,CA,1558562858,47,50.2,-66.38,57.2,13.87
63,Point Fortin,40,TT,1558562858,78,10.16,-61.68,84.0,12.75
64,Codrington,90,AU,1558562858,93,-28.95,153.24,59.0,6.93
65,Lompoc,75,US,1558562768,59,34.64,-120.46,69.8,16.11
66,Plouzane,0,FR,1558562858,71,48.38,-4.62,57.0,2.24
67,Butaritari,73,KI,1558562859,70,3.07,172.79,83.95,6.02
68,Tiznit,9,MA,1558562859,84,29.7,-9.73,65.95,7.14
69,Mugla,40,BG,1558562859,55,41.62,24.49,66.2,11.41
70,Thompson,75,CA,1558562859,40,55.74,-97.86,51.8,9.17
71,Gat,0,SN,1558562859,83,14.69,-16.54,69.8,19.46
72,Tuktoyaktuk,40,CA,1558562860,47,69.44,-133.03,55.4,16.11
73,Tiarei,75,PF,1558562860,88,-17.53,-149.33,77.0,2.24
74,Zheleznodorozhnyy,0,RU,1558562860,59,55.75,38.0,68.0,4.47
75,Busselton,100,AU,1558562860,70,-33.64,115.35,48.0,14.27
76,Port Alfred,0,ZA,1558562860,83,-33.59,26.89,55.0,4.0
77,Lima,90,PE,1558562619,82,-12.06,-77.04,66.99,6.93
78,Muravlenko,27,RU,1558562861,84,63.79,74.5,28.69,3.67
79,Moerai,60,PF,1558562861,75,-22.43,-151.33,73.87,19.24
80,Champerico,40,MX,1558562861,39,16.38,-93.6,95.0,9.17
81,Drumheller,75,CA,1558562861,24,51.47,-112.7,70.0,3.0
82,Jamestown,0,AU,1558562862,61,-33.21,138.6,59.11,5.97
83,Lalibela,90,ET,1558562862,60,12.04,39.05,65.05,5.84
84,Batagay-Alyta,0,RU,1558562862,73,67.8,130.41,28.33,5.08
85,Maniwaki,100,CA,1558562862,30,46.38,-75.98,65.95,3.85
86,Cap Malheureux,75,MU,1558562732,83,-19.98,57.61,75.2,14.47
87,Ilulissat,5,GL,1558562862,74,69.22,-51.1,37.4,8.05
88,Chernenko,23,UA,1558562863,93,47.23,37.74,56.23,7.9
89,Tiksi,0,RU,1558562588,91,71.64,128.87,25.27,7.83
90,Damietta,0,EG,1558562863,69,31.42,31.81,75.2,11.41
91,Mahebourg,75,MU,1558562863,83,-20.41,57.7,75.2,10.13
92,Mar del Plata,82,AR,1558562863,54,-46.43,-67.52,56.05,21.27
93,Banjar,71,ID,1558562863,98,-7.37,108.54,71.89,3.29
94,Cabo San Lucas,5,MX,1558562729,44,22.89,-109.91,86.0,10.29
95,Bowen,40,AU,1558562864,88,-20.01,148.25,71.01,9.17
96,Vaini,83,IN,1558562864,92,15.34,74.49,77.83,1.92
97,Alofi,75,NU,1558562864,83,-19.06,-169.92,77.0,13.87
98,Garden City,75,US,1558562721,37,40.73,-73.63,77.0,9.17
99,Hami,1,CN,1558562864,15,42.84,93.51,74.77,15.79
100,Eldoret,75,KE,1558562865,82,0.52,35.27,62.6,5.82
101,Pedasi,100,PA,1558562865,66,7.53,-80.03,83.95,4.25
102,Kavieng,0,PG,1558562865,77,-2.57,150.8,82.69,5.7
103,New Norfolk,75,AU,1558562865,62,-42.78,147.06,55.0,8.05
104,Yerbogachen,100,RU,1558562865,80,61.28,108.01,42.91,7.78
105,Sokoni,0,CD,1558562865,72,-12.89,28.78,60.19,5.86
106,Ponyri,100,RU,1558562866,89,52.32,36.3,58.75,4.88
107,Potsdam,0,DE,1558562823,76,52.4,13.06,55.0,8.05
108,Mandalgovi,0,MN,1558562866,23,45.76,106.27,62.71,10.33
109,Sitka,18,US,1558562866,52,37.17,-99.65,71.01,1.01
110,Bauchi,91,NG,1558562866,43,10.31,9.85,87.19,4.5
111,Yagodnoye,21,RU,1558562866,79,62.52,149.63,42.55,7.92
112,Itaituba,20,BR,1558562867,74,-4.26,-55.99,86.0,3.36
113,Correntina,10,BR,1558562867,64,-13.34,-44.63,78.19,4.25
114,Georgetown,75,GY,1558562568,74,6.8,-58.16,84.2,13.87
115,Pochutla,20,MX,1558562867,52,15.74,-96.47,90.0,17.22
116,Camacha,40,PT,1558562868,77,33.08,-16.33,66.2,13.87
117,Rawson,12,AR,1558562868,28,-43.3,-65.11,58.39,12.55
118,Vila Vicosa,0,PT,1558562868,58,38.78,-7.42,66.99,8.01
119,Cidreira,6,BR,1558562868,84,-30.17,-50.22,67.57,11.99
120,Lavrentiya,98,RU,1558562868,89,65.58,-170.99,31.93,4.72
121,Teknaf,77,BD,1558562868,78,20.86,92.31,85.21,6.31
122,Sao Raimundo das Mangabeiras,6,BR,1558562754,74,-7.02,-45.48,79.99,4.45
123,Fortuna,0,ES,1558562869,77,38.18,-1.13,68.0,1.12
124,Kupang,61,ID,1558562869,73,-10.16,123.6,81.43,16.55
125,Makakilo City,1,US,1558562869,58,21.35,-158.09,87.8,6.93
126,Constitucion,40,MX,1558562869,2,23.99,-104.67,87.8,20.8
127,Berlevag,75,NO,1558562869,69,70.86,29.09,35.6,13.87
128,Gambela,100,ET,1558562870,85,8.25,34.59,69.55,5.17
129,Karpogory,5,RU,1558562870,70,64.0,44.44,34.81,9.53
130,Erdenet,43,MN,1558562870,85,49.03,104.04,50.29,4.9
131,Barrow,0,AR,1558562870,47,-38.31,-60.23,51.91,6.08
132,Palafrugell,20,ES,1558562870,87,41.92,3.16,64.0,6.85
133,Khatanga,100,RU,1558562871,93,71.98,102.47,28.33,21.63
134,Vestmannaeyjar,2,IS,1558562788,85,63.44,-20.27,48.49,5.46
135,Kutum,74,SD,1558562871,5,14.2,24.66,80.53,5.57
136,Arraial do Cabo,0,BR,1558562871,88,-22.97,-42.02,75.2,3.36
137,Nerekhta,90,RU,1558562871,100,57.46,40.57,51.8,2.24
138,Poum,0,MK,1558562871,86,41.28,20.71,43.81,3.22
139,Pimentel,89,BR,1558562872,97,-3.7,-45.5,76.57,2.42
140,Yellowknife,20,CA,1558562872,27,62.45,-114.38,50.0,8.05
141,Tautira,75,PF,1558562872,88,-17.73,-149.15,77.0,2.24
142,Santa Cruz del Sur,1,CU,1558562872,67,20.71,-78.0,84.85,10.71
143,Mbekenyera,6,TZ,1558562872,90,-10.0,38.98,69.19,3.09
144,Kailua,20,US,1558562817,62,21.39,-157.74,87.8,10.29
145,Guerrero Negro,1,MX,1558562872,69,27.97,-114.04,62.53,13.0
146,Kavaratti,26,IN,1558562873,72,10.57,72.64,85.21,7.43
147,Tongren,0,CN,1558562873,67,27.72,109.18,60.01,2.28
148,Xiaoweizhai,0,CN,1558562873,90,26.23,107.51,57.49,1.68
149,Revda,39,RU,1558562873,76,67.94,34.55,29.77,5.86
150,Tasiilaq,31,GL,1558562873,65,65.61,-37.64,41.0,6.93
151,Burgersdorp,0,ZA,1558562873,45,-30.99,26.32,51.55,3.58
152,Ibra,22,OM,1558562874,25,22.69,58.55,85.39,2.28
153,Katangli,70,RU,1558562874,60,51.71,143.23,54.61,7.56
154,Katsuura,0,JP,1558562874,58,33.93,134.5,69.01,10.29
155,Adrar,86,DZ,1558562874,17,27.87,-0.29,91.4,4.7
156,Colac,0,AU,1558562874,95,-38.34,143.59,48.99,2.13
157,Ambulu,57,ID,1558562874,84,-8.35,113.61,79.45,6.17
158,Talara,90,PE,1558562875,290,-4.58,-81.27,62.6,13.87
159,Herat,9,AF,1558562875,37,34.35,62.22,56.05,25.61
160,Roald,90,NO,1558562875,93,62.58,6.12,55.4,5.82
161,Waitati,56,NZ,1558562875,64,-45.75,170.57,55.99,11.01
162,Kuragino,100,RU,1558562875,77,53.89,92.68,43.63,8.75
163,Teguldet,1,RU,1558562876,93,57.31,88.17,35.17,3.98
164,Rio Gallegos,75,AR,1558562828,100,-51.62,-69.22,46.4,2.24
165,Arman,100,RU,1558562876,89,59.7,150.17,40.57,4.99
166,Santa Elena,75,EC,1558562876,78,-2.23,-80.86,80.6,11.41
167,Hammerfest,75,NO,1558562876,69,70.66,23.68,33.8,8.05
168,Honiara,75,SB,1558562877,100,-9.43,159.96,75.2,3.36
169,Lorengau,4,PG,1558562877,88,-2.02,147.27,78.91,1.83
170,San Cristobal,40,EC,1558562877,64,-0.39,-78.55,68.0,14.99
171,Mooresville,75,US,1558562877,73,39.61,-86.37,79.0,11.41
172,Plastun,68,RU,1558562878,94,44.76,136.29,43.81,3.87
173,Cherskiy,52,RU,1558562878,78,68.75,161.3,32.83,8.55
174,Uglegorsk,77,RU,1558562878,91,49.08,142.06,46.51,10.56
175,Hermanus,50,ZA,1558562878,97,-34.42,19.24,57.99,3.09
176,Hambantota,20,LK,1558562764,100,6.12,81.12,77.0,2.24
177,Kudahuvadhoo,100,MV,1558562878,78,2.67,72.89,84.85,14.5
178,Kodiak,1,US,1558562878,22,39.95,-94.76,73.4,11.41
179,Lahaina,20,US,1558562879,55,20.87,-156.68,91.4,11.41
180,Vigrestad,40,NO,1558562879,93,58.57,5.7,48.99,8.05
181,Ancud,75,CL,1558562879,87,-41.87,-73.83,44.6,5.82
182,Henties Bay,7,NA,1558562879,92,-22.12,14.28,57.0,5.99
183,Omboue,77,GA,1558562879,82,-1.57,9.26,80.17,9.26
184,Bartica,75,GY,1558562880,78,6.41,-58.62,82.4,11.41
185,Namibe,0,AO,1558562883,78,-15.19,12.15,69.55,10.16
186,Kapaa,1,US,1558562883,69,22.08,-159.32,82.4,10.29
187,Puerto Ayora,75,EC,1558562883,78,-0.74,-90.35,78.8,12.75
188,Porto Novo,0,BR,1558562883,56,-23.68,-45.44,71.6,2.24
189,Amahai,100,ID,1558562883,82,-3.31,129.0,79.27,6.46
190,Torbay,90,CA,1558562884,100,47.66,-52.73,36.0,24.16
191,San Patricio,98,PY,1558562884,95,-26.98,-56.83,61.63,6.82
192,Nouadhibou,0,MR,1558562884,77,20.93,-17.03,66.2,17.22
193,Zambezi,67,ZM,1558562887,49,-13.55,23.12,70.45,2.89
194,Nhulunbuy,40,AU,1558562887,78,-12.18,136.78,78.8,13.87
195,Pangkalanbuun,56,ID,1558562888,98,-2.68,111.62,74.59,0.29
196,Zatoka,75,PL,1558562888,93,50.04,20.52,57.0,13.87
197,Clyde River,75,CA,1558562888,92,70.47,-68.59,28.4,11.41
198,Yeppoon,75,AU,1558562888,77,-23.13,150.74,66.2,10.29
199,Kafue,0,ZM,1558562888,58,-15.74,28.18,57.2,3.36
200,Vilhena,20,BR,1558562888,54,-12.74,-60.15,84.2,6.93
201,Wakkanai,0,JP,1558562889,82,45.41,141.67,53.71,16.46
202,Telbang,83,PH,1558562889,79,16.17,120.06,80.53,4.88
203,Tshane,0,BW,1558562889,20,-24.02,21.87,64.51,8.32
204,Okha,29,RU,1558562889,96,53.59,142.95,36.07,2.8
205,Panguma,100,SL,1558562889,88,8.18,-11.13,79.27,4.43
206,San Carlos,100,VE,1558562890,72,9.66,-68.59,84.13,5.1
207,Scranton,1,US,1558562890,24,41.41,-75.66,72.0,4.43
208,Saint Pete Beach,1,US,1558562681,33,27.73,-82.74,93.99,14.99
209,Tatarsk,0,RU,1558562891,78,55.22,75.96,38.95,6.55
210,Hargeysa,92,SO,1558562912,72,9.56,44.06,71.53,2.75
211,Mana,40,RS,1558562912,93,43.52,20.24,57.2,2.24
212,Rocha,97,UY,1558562912,87,-34.48,-54.34,54.43,5.08
213,San Luis,74,AR,1558562626,52,-33.3,-66.34,52.81,3.02
214,Vao,26,EE,1558562916,75,59.1,26.19,56.95,2.13
215,Griffith,0,AU,1558562916,93,-34.29,146.06,42.8,5.82
216,Liverpool,0,GB,1558562757,81,53.41,-2.98,55.0,6.93
217,Dallas,40,US,1558562794,55,32.78,-96.8,90.0,19.46
218,Inirida,98,CO,1558562916,62,3.87,-67.92,87.19,1.92
219,Husavik,100,CA,1558562916,63,50.56,-96.99,53.01,5.99
220,Qaqortoq,97,GL,1558562917,28,60.72,-46.03,57.2,36.91
221,East London,0,ZA,1558562917,86,-33.02,27.91,53.89,3.83
222,Faanui,34,PF,1558562917,74,-16.48,-151.75,82.15,7.47
223,Xingyi,24,CN,1558562917,85,24.19,102.82,59.29,3.83
224,Pacasmayo,37,PE,1558562917,92,-7.4,-79.57,66.85,19.15
225,Naze,40,NG,1558562918,83,5.43,7.07,82.4,3.36
226,Bellevue,1,US,1558562676,46,47.61,-122.19,73.0,6.93
227,Broome,0,GB,1558562919,76,52.47,1.45,59.0,8.05
228,Wattegama,89,LK,1558562920,86,7.35,80.68,74.41,2.91
229,Saint George,40,GR,1558562920,59,39.45,22.34,60.8,4.85
230,Margate,75,AU,1558562920,62,-43.03,147.26,55.0,8.05
231,Yulara,0,AU,1558562920,71,-25.24,130.99,51.8,4.7
232,Mpulungu,4,ZM,1558562920,88,-8.77,31.12,62.53,8.34
233,Pevek,0,RU,1558562921,83,69.7,170.27,25.09,3.83
234,Micheweni,100,TZ,1558562921,79,-4.97,39.83,81.97,18.25
235,Conde,1,BR,1558562921,89,-11.81,-37.61,75.13,3.56
236,Blackwater,12,GB,1558562921,58,51.33,-0.78,60.01,4.7
237,Hithadhoo,100,MV,1558562921,73,-0.6,73.08,83.95,12.33
238,Cabedelo,20,BR,1558562921,83,-6.97,-34.84,80.6,5.82
239,Zhanaozen,89,KZ,1558562922,23,43.35,52.85,65.05,16.69
240,Sault Sainte Marie,90,CA,1558562922,58,46.49,-84.36,55.4,17.22
241,Abha,40,SA,1558562922,67,18.22,42.5,62.6,6.93
242,Hattiesburg,75,US,1558562795,49,31.33,-89.29,90.0,11.41
243,Cuamba,0,MZ,1558562922,85,-14.8,36.54,60.37,5.93
244,Capim Grosso,16,BR,1558562800,84,-11.38,-40.01,72.79,3.06
245,Lebu,100,ET,1558562922,87,8.96,38.73,58.21,5.08
246,Upernavik,0,GL,1558562923,81,72.79,-56.15,33.73,7.9
247,Souillac,0,FR,1558562923,63,45.6,-0.6,63.0,3.36
248,Ishigaki,20,JP,1558562923,88,24.34,124.16,69.8,1.12
249,Ikornnes,90,NO,1558562923,93,62.39,6.56,55.4,5.82
250,Luderitz,100,NA,1558562923,71,-26.65,15.16,57.2,12.75
251,Dikson,58,RU,1558562923,83,73.51,80.55,22.21,8.57
252,Maumere,100,ID,1558562924,78,-8.63,122.22,80.71,7.92
253,Port Lincoln,0,AU,1558562924,78,-34.72,135.86,62.17,6.87
254,Meulaboh,91,ID,1558562828,85,4.14,96.13,80.35,8.86
255,Valparaiso,1,US,1558562759,36,41.47,-87.06,84.2,12.75
256,Parry Sound,100,CA,1558562924,78,45.34,-80.04,57.0,1.01
257,Aasiaat,0,GL,1558562924,68,68.71,-52.87,38.23,5.84
258,Sao Borja,95,BR,1558562924,90,-28.66,-56.0,61.63,10.76
259,Longido,39,TZ,1558562925,95,-2.73,36.7,59.11,5.1
260,Juneau,20,US,1558562690,55,58.3,-134.42,60.8,10.29
261,Aklavik,40,CA,1558562925,39,68.22,-135.01,64.4,9.17
262,Novikovo,0,UA,1558562925,69,45.05,34.56,54.25,8.1
263,La Palma,100,CO,1558562926,47,5.36,-74.39,88.27,2.57
264,Mosquera,40,CO,1558562644,59,4.71,-74.23,66.2,8.05
265,Roros,50,NO,1558562926,100,62.57,11.38,55.4,6.93
266,Matara,33,PE,1558562926,33,-13.74,-72.9,57.13,10.65
267,Daoukro,100,CI,1558562926,94,7.06,-3.97,75.67,3.0
268,General Roca,0,AR,1558562927,58,-39.03,-67.58,57.2,3.36
269,Aksu,90,KZ,1558562927,93,52.04,76.93,42.8,13.42
270,Coupar Angus,0,GB,1558562927,81,56.55,-3.27,51.01,9.17
271,Shimoda,0,JP,1558562927,72,34.7,138.93,68.0,4.61
272,Chuy,60,UY,1558562927,71,-33.69,-53.46,63.07,13.42
273,Behbahan,0,IR,1558562928,27,30.59,50.24,75.2,3.62
274,Esperance,40,TT,1558562928,78,10.24,-61.45,84.0,12.75
275,Ahipara,89,NZ,1558562928,100,-35.17,173.16,60.01,8.39
276,Hede,100,SE,1558562931,77,60.45,15.49,59.0,4.7
277,Changji,0,CN,1558562931,48,32.07,116.17,67.93,5.26
278,Yafran,1,LY,1558562932,43,32.06,12.53,69.55,9.91
279,Yumen,1,CN,1558562932,12,40.29,97.04,67.21,6.8
280,Tucuman,17,PE,1558562932,39,-17.17,-70.89,64.15,5.19
281,Iqaluit,75,CA,1558562932,93,63.75,-68.52,35.6,16.11
282,Kisangani,100,CD,1558562932,97,0.52,25.21,71.35,1.83
283,Kushiro,0,JP,1558562933,68,43.11,144.15,56.05,1.83
284,Tessalit,0,ML,1558562933,7,20.2,1.01,95.65,10.74
285,Sinnamary,100,GF,1558562933,85,5.38,-52.96,78.55,5.66
286,Swidnica,75,PL,1558562933,93,50.84,16.49,54.0,18.34
287,Lincoln,40,US,1558562934,48,40.8,-96.67,69.01,19.46
288,Tomatlan,0,MX,1558562934,51,19.93,-105.25,87.37,10.09
289,Pinega,4,RU,1558562934,70,64.7,43.39,31.39,8.52
290,Bethel,40,US,1558562934,66,60.79,-161.76,57.2,14.99
291,Cheremnoye,75,RU,1558562935,81,53.17,83.21,44.6,13.42
292,Pestretsy,75,RU,1558562935,93,55.75,49.66,51.8,6.71
293,Nanhai,0,CN,1558562935,60,30.13,111.78,63.79,4.16
294,Saint-Philippe,1,CA,1558562935,37,45.36,-73.48,68.0,5.82
295,Leningradskiy,100,RU,1558562935,85,69.38,178.42,27.61,3.13
296,Arandis,1,NA,1558562936,92,-22.42,14.98,57.0,5.99
297,Valenca do Piaui,64,BR,1558562936,88,-6.41,-41.75,75.85,1.77
298,Tarashcha,74,UA,1558562936,76,49.56,30.49,57.67,4.94
299,Syriam,90,MM,1558562936,94,16.77,96.24,80.6,3.36
300,Laerdalsoyri,100,NO,1558562936,98,61.1,7.48,51.01,4.88
301,Te Anau,63,NZ,1558562936,97,-45.41,167.72,42.37,3.36
302,Mount Gambier,90,AU,1558562810,100,-37.83,140.78,39.2,6.93
303,Bumba,99,CD,1558562937,68,2.18,22.47,78.19,3.83
304,Itamaraju,16,BR,1558562937,86,-17.04,-39.53,71.89,4.43
305,Sierra Vista,1,US,1558562682,16,31.55,-110.3,78.8,24.16
306,Mangan,43,IN,1558562937,58,27.5,88.54,52.27,2.86
307,Buraydah,0,SA,1558562937,30,26.33,43.97,84.2,6.26
308,Hay River,75,CA,1558562937,60,60.82,-115.79,41.0,9.17
309,Leshukonskoye,73,RU,1558562938,69,64.9,45.76,32.65,6.67
310,Gari,78,RU,1558562938,61,59.43,62.35,42.55,4.14
311,Pisco,20,PE,1558562938,30,-13.71,-76.2,71.6,6.93
312,Hofn,100,IS,1558562938,91,64.25,-15.21,38.41,6.49
313,Vetlanda,23,SE,1558562691,100,57.43,15.09,55.99,12.75
314,Jinchang,100,CN,1558562938,14,38.52,102.19,62.71,10.07
315,Vanavara,0,RU,1558562938,79,60.35,102.28,37.69,7.83
316,Deogarh,0,IN,1558562939,65,21.53,84.72,85.03,4.16
317,Salalah,20,OM,1558562939,83,17.01,54.1,84.2,2.24
318,Kattivakkam,40,IN,1558562939,79,13.22,80.32,87.8,9.17
319,Ballina,59,IE,1558562939,89,54.11,-9.15,54.0,8.79
320,Uyuni,15,BO,1558562939,10,-20.46,-66.82,52.09,24.36
321,Pakdasht,0,IR,1558562939,48,35.48,51.68,64.4,4.7
322,Dryden,90,CA,1558562940,100,49.79,-92.84,44.6,17.22
323,Lao Cai,63,VN,1558562940,97,22.48,103.95,63.25,2.17
324,Portland,75,US,1558562852,49,45.52,-122.67,73.99,6.93
325,Lakes Entrance,0,AU,1558562940,96,-37.88,147.99,39.0,3.51
326,Kaikalur,10,IN,1558562940,78,16.57,81.2,84.49,5.46
327,Nemuro,0,JP,1558562896,79,43.32,145.57,49.03,6.51
328,Puerto Castilla,44,ES,1558562941,50,40.29,-5.63,59.11,2.1
329,Banda Aceh,100,ID,1558562941,70,5.56,95.32,84.31,7.94
330,Severo-Kurilsk,100,RU,1558562941,94,50.68,156.12,40.75,32.7
331,High Level,1,CA,1558562941,40,58.52,-117.13,68.0,13.87
332,Ponta Delgada,20,PT,1558562941,82,37.73,-25.67,62.6,9.17
333,Zlitan,3,LY,1558562941,76,32.47,14.57,65.41,8.32
334,Velsk,87,RU,1558562942,82,61.07,42.1,46.15,6.2
335,Moron,100,VE,1558562852,51,10.49,-68.2,90.43,5.73
336,Gotsu,0,JP,1558562942,55,35.01,132.22,66.31,15.35
337,North Bend,1,US,1558562818,77,43.41,-124.22,61.0,12.75
338,Bacungan,40,PH,1558562942,83,9.87,118.73,78.8,6.93
339,Saldanha,4,PT,1558562942,64,41.42,-6.55,63.97,7.23
340,Kargasok,0,RU,1558562942,83,59.06,80.87,31.75,4.72
341,Cayenne,90,GF,1558562860,94,4.94,-52.33,75.2,1.12
342,Paragominas,100,BR,1558562943,96,-3.0,-47.35,77.11,2.48
343,Fort Nelson,75,CA,1558562943,42,58.81,-122.69,62.6,3.56
344,Karratha,0,AU,1558562943,16,-20.74,116.85,78.55,10.04
345,Klaksvik,100,FO,1558562943,87,62.23,-6.59,42.8,20.8
346,Jumla,0,NP,1558562943,59,29.28,82.18,44.35,5.37
347,Trincomalee,99,LK,1558562943,82,8.58,81.23,77.11,4.16
348,Apomu,20,NG,1558562944,88,6.85,3.21,78.8,2.24
349,Saint Anthony,90,US,1558562797,43,43.97,-111.68,53.6,5.82
350,Itarema,89,BR,1558562944,87,-2.92,-39.92,78.37,5.75
351,Awjilah,100,LY,1558562944,29,29.14,21.3,85.57,15.28
352,Baoro,100,CF,1558562945,91,5.69,15.95,70.81,3.51
353,Chase,1,US,1558562945,60,43.89,-85.64,75.2,12.75
354,Preston,0,GB,1558562945,76,53.76,-2.71,55.0,4.7
355,Beringovskiy,0,RU,1558562946,78,63.05,179.32,34.63,4.36
356,Verkhnevilyuysk,85,RU,1558562946,69,63.45,120.31,47.41,7.23
357,Oxelosund,0,SE,1558562946,87,58.67,17.1,55.4,3.18
358,Dera Bugti,100,PK,1558562946,37,29.03,69.15,85.75,6.15
359,Lerwick,95,GB,1558562946,93,60.15,-1.15,48.2,5.82
360,Smithers,40,CA,1558562946,28,54.78,-127.17,71.6,4.7
361,Caravelas,6,BR,1558562947,78,-17.73,-39.27,77.65,5.82
362,Billings,75,US,1558562762,38,45.79,-108.5,60.8,12.75
363,Igarka,100,RU,1558562947,93,67.47,86.57,24.73,14.97
364,Sambava,6,MG,1558562947,98,-14.27,50.17,67.93,2.86
365,Cervo,25,BR,1558562947,88,-22.19,-46.24,60.01,1.95
366,Tashtyp,100,RU,1558562947,92,52.8,89.89,37.15,11.43
367,Cockburn Town,1,TC,1558562948,77,21.46,-71.14,81.79,10.38
368,Port Hardy,90,CA,1558562948,82,50.7,-127.42,55.4,11.41
369,Naryan-Mar,100,RU,1558562948,83,67.67,53.09,27.25,9.42
370,Vuktyl,99,RU,1558562948,70,63.86,57.31,42.01,8.25
371,Nizwa,49,OM,1558562948,26,22.93,57.53,80.71,3.83
372,Lewiston,40,US,1558562948,24,46.42,-117.02,71.6,17.22
373,Atar,0,MR,1558562949,13,20.52,-13.05,91.33,8.79
374,Mangrol,95,IN,1558562949,22,25.33,76.51,98.71,3.27
375,Odate,0,JP,1558562949,42,40.3,140.55,62.6,17.22
376,Turukhansk,100,RU,1558562949,90,65.8,87.96,29.59,12.64
377,Praia da Vitoria,40,PT,1558562949,82,38.73,-27.07,64.4,9.35
378,Mitu,0,IR,1558562950,49,36.2,46.09,54.25,1.63
379,Hobyo,0,SO,1558562950,69,5.35,48.53,82.87,9.13
380,Port Hawkesbury,75,CA,1558562950,75,45.62,-61.36,45.0,11.41
381,Sayyan,100,YE,1558562950,55,15.17,44.32,71.71,1.25
382,Rio Grande,75,BR,1558562930,82,-32.03,-52.1,64.4,6.93
383,Kotido,39,UG,1558562950,64,3.01,34.12,70.63,3.2
384,Xichang,91,CN,1558562951,85,27.88,102.25,53.35,0.85
385,Katherine,27,AU,1558562951,77,-14.47,132.26,64.4,6.15
386,Campoverde,0,IT,1558562951,87,41.54,12.73,60.01,4.7
387,Tupaciguara,0,BR,1558562732,41,-18.59,-48.7,77.0,5.82
388,Kuytun,32,RU,1558562951,58,54.34,101.51,42.37,6.69
389,Panacan,75,PH,1558562951,100,7.15,125.66,75.2,2.24
390,Sirur,0,IN,1558562952,43,18.83,74.38,82.15,12.24
391,Nenjiang,24,CN,1558562952,82,49.17,125.23,45.25,4.68
392,Lagunas,80,PE,1558562952,39,-5.23,-75.68,92.41,2.42
393,West Plains,1,US,1558562816,65,36.73,-91.85,86.0,12.75
394,Lesnikovo,39,RU,1558562952,71,55.28,65.32,42.91,7.27
395,Chapais,75,CA,1558562952,29,49.78,-74.86,62.6,3.36
396,Cravo Norte,100,CO,1558562952,75,6.3,-70.2,84.85,3.29
397,Pacific Grove,20,US,1558562866,52,36.62,-121.92,72.0,11.41
398,Yzeure,0,FR,1558562953,76,46.57,3.36,53.6,2.24
399,Paamiut,97,GL,1558562953,66,61.99,-49.67,40.21,13.38
400,Jijiga,100,ET,1558562953,89,9.35,42.8,61.99,4.23
401,Nuuk,20,GL,1558562689,57,64.17,-51.74,50.0,8.05
402,Lufilufi,20,WS,1558562953,79,-13.87,-171.6,86.0,3.36
403,Sterling,75,US,1558562953,46,39.0,-77.4,73.99,9.17
404,Soanierana Ivongo,0,MG,1558562954,91,-16.92,49.59,70.45,4.12
405,Bonnyville,75,CA,1558562954,20,54.27,-110.74,73.4,6.93
406,Ponta do Sol,10,BR,1558562957,83,-20.63,-46.0,64.87,4.18
407,Namatanai,4,PG,1558562957,88,-3.66,152.44,78.19,4.85
408,Kristiansund,84,NO,1558562957,87,63.12,7.73,55.4,19.46
409,Whyalla,40,AU,1558562958,93,-33.04,137.58,46.4,4.7
410,Norman Wells,75,CA,1558562958,48,65.28,-126.83,60.8,8.05
411,Sibolga,100,ID,1558562958,76,1.74,98.78,82.33,4.81
412,Darhan,100,MN,1558562958,84,49.49,105.92,54.43,7.23
413,Kaitangata,22,NZ,1558562958,63,-46.28,169.85,55.99,5.01
414,Kahului,40,US,1558562834,43,20.89,-156.47,91.4,14.99
415,Swift Current,1,CA,1558562862,18,50.29,-107.8,69.8,18.34
416,Tiruchchendur,97,IN,1558562959,72,8.48,78.12,84.85,12.59
417,Bilma,74,NE,1558562959,14,18.69,12.92,91.15,2.26
418,Mnogovershinnyy,96,RU,1558562959,81,53.94,139.92,43.63,3.24
419,Saint-Francois,0,FR,1558562959,76,46.42,3.91,53.6,2.24
420,Makaryev,99,RU,1558562959,94,57.88,43.81,52.99,1.5
421,Senneterre,90,CA,1558562959,27,48.39,-77.24,62.6,12.75
422,Saint-Joseph,90,FR,1558562960,93,43.56,6.97,62.6,1.12
423,Penzance,0,GB,1558562960,87,50.12,-5.53,57.99,2.42
424,Pulaski,75,US,1558562960,64,37.05,-80.78,79.0,8.05
425,Mundo Nuevo,0,CL,1558562960,51,-32.72,-71.41,62.6,8.05
426,Padang,100,ID,1558562961,79,-0.92,100.36,82.33,5.21
427,Anadyr,0,RU,1558562961,69,64.73,177.51,39.2,8.95
428,Port Moresby,90,PG,1558562961,94,-9.47,147.16,77.0,3.36
429,Puerto Baquerizo Moreno,75,EC,1558562961,74,-0.9,-89.6,80.6,10.29
430,Belmonte,4,PT,1558562961,72,40.36,-7.35,57.99,3.0
431,Sur,96,OM,1558562961,47,22.57,59.53,88.09,1.72
432,Dukat,1,RS,1558562962,73,42.44,22.31,57.0,1.01
433,Alyangula,54,AU,1558562962,100,-13.85,136.42,66.2,3.36
434,Priyutnoye,100,RU,1558562962,67,46.1,43.51,60.01,13.0
435,Laguna,5,MX,1558562962,19,27.52,-110.01,89.6,18.34
436,Luis Correia,40,BR,1558562962,88,-2.88,-41.67,80.6,2.24
437,Letlhakeng,0,BW,1558562963,44,-24.1,25.03,63.25,8.72
438,The Valley,40,AI,1558562963,74,18.22,-63.06,82.4,8.05
439,Santiago,0,CL,1558562674,25,-33.44,-70.65,64.99,4.7
440,Libenge,65,CD,1558562964,82,3.65,18.64,74.95,1.61
441,Stutterheim,0,ZA,1558562964,33,-32.57,27.43,44.71,1.7
442,Spencer,75,US,1558562964,58,43.14,-95.14,64.99,26.4
443,Buin,0,CL,1558562964,25,-33.73,-70.74,64.99,4.7
444,Agua Dulce,20,MX,1558562965,50,18.14,-94.15,96.8,11.41
445,Xucheng,0,CN,1558562965,39,33.0,118.51,69.91,10.04
446,Conceicao do Araguaia,32,BR,1558562904,68,-8.26,-49.26,82.33,3.04
447,Yar-Sale,91,RU,1558562965,86,66.83,70.83,19.69,4.27
448,Narsaq,97,GL,1558562965,28,60.91,-46.05,57.2,36.91
449,Gondar,20,PT,1558562965,100,41.82,-8.78,59.0,6.91
450,Toba,20,JP,1558562966,63,34.47,136.83,71.01,9.17
451,Buala,83,SB,1558562966,76,-8.15,159.59,82.15,8.03
452,Shahreza,31,IR,1558562966,42,32.01,51.87,59.11,4.07
453,Monte Patria,0,CL,1558562966,5,-30.69,-70.96,63.07,3.0
454,Caledon,50,ZA,1558562966,97,-34.23,19.43,57.99,3.09
455,Kieta,94,PG,1558562966,71,-6.22,155.63,82.15,2.86
456,Ca Mau,100,VN,1558562967,85,9.18,105.15,81.43,3.29
457,Mayumba,100,GA,1558562967,82,-3.44,10.65,79.63,8.1
458,Sorsk,100,RU,1558562967,85,54.0,90.25,36.61,7.65
459,Olinala,0,MX,1558562967,15,17.83,-98.85,107.89,1.48
460,Medea,40,DZ,1558562967,88,36.27,2.77,62.6,3.36
461,Malanje,91,AO,1558562967,81,-9.54,16.35,69.19,4.32
462,Am Timan,70,TD,1558562968,32,11.04,20.28,93.49,4.74
463,Taoudenni,0,ML,1558562968,8,22.68,-3.98,94.39,5.37
464,Bo Rai,100,TH,1558562968,88,12.57,102.54,89.01,2.24
465,Boyolangu,52,ID,1558562971,96,-8.09,111.9,72.07,4.03
466,Taldan,98,RU,1558562971,71,53.69,124.82,43.63,3.38
467,Zeya,45,RU,1558562972,73,53.74,127.27,42.55,1.03
468,Dunda,77,IN,1558562972,30,30.62,78.32,71.17,6.62
469,Isangel,75,VU,1558562972,69,-19.55,169.27,75.2,6.93
470,Scarborough,0,GB,1558562909,71,54.28,-0.41,55.99,4.7
471,Galle,20,US,1558562972,55,29.74,-97.91,91.0,24.16
472,Catumbela,1,AO,1558562972,89,-12.43,13.55,72.97,1.23
473,Beloha,0,MG,1558562973,94,-25.17,45.06,67.93,4.76
474,Pandan,100,PH,1558562973,75,11.72,122.09,84.31,7.36
475,Albertville,0,FR,1558562973,71,45.68,6.39,59.0,3.36
476,Lagos,20,NG,1558562748,88,6.46,3.39,78.8,2.24
477,Temecula,90,US,1558562973,59,33.49,-117.15,66.99,14.99
478,Beshpagir,0,RU,1558562973,93,45.02,42.37,53.6,8.95
479,Lundazi,0,ZM,1558562974,68,-12.29,33.17,63.43,8.43
480,Havelock,1,US,1558562974,36,34.88,-76.9,80.6,11.41
481,Thanh Hoa,40,VN,1558562974,100,10.21,106.33,78.8,1.12
482,Dalvik,75,SE,1558562974,100,57.79,14.13,52.0,12.75
483,Kindu,100,CD,1558562974,98,-2.95,25.92,68.29,2.24
484,Kuopio,90,FI,1558562976,87,62.89,27.68,48.2,14.99
485,Vila Velha,0,BR,1558562976,83,-3.71,-38.6,81.0,6.93
486,Florence,1,US,1558562853,51,34.8,-87.68,89.6,10.29
487,Fare,43,PF,1558562977,73,-16.7,-151.02,81.79,6.42
488,Fethiye,0,TR,1558562977,68,36.62,29.12,73.0,2.33
489,Hervey Bay,75,AU,1558562977,88,-25.3,152.85,71.01,6.93
490,Elban,93,RU,1558562977,89,50.1,136.51,51.55,3.24
491,Northam,0,GB,1558562977,87,51.04,-4.21,54.0,4.7
492,Yablonovo,40,RU,1558562978,87,50.85,37.36,57.2,2.24
493,Fuyang,0,CN,1558562978,55,32.89,115.81,67.93,8.81
494,Sao Francisco,90,BR,1558562978,100,-25.65,-53.85,68.0,3.02
495,Liberty,90,US,1558562979,83,39.64,-84.93,75.99,14.65
496,Strezhevoy,28,RU,1558562979,92,60.73,77.6,30.2,2.24
497,Sandomierz,20,PL,1558562979,100,50.68,21.75,57.0,1.12
498,Tabou,100,CI,1558562979,96,4.42,-7.36,76.39,2.8
499,Havre-Saint-Pierre,1,CA,1558562979,70,50.23,-63.6,48.2,17.22
500,Brae,95,GB,1558562979,93,60.4,-1.35,48.2,5.82
501,Santa Cruz,20,US,1558562843,52,36.97,-122.03,72.0,11.41
502,Gwadar,42,PK,1558562980,78,25.12,62.33,84.13,17.29
503,Otuzco,20,PE,1558562981,83,-7.9,-78.57,69.8,9.17
504,Hasaki,75,JP,1558562981,72,35.73,140.83,61.0,3.36
505,Golovino,95,RU,1558562981,91,55.95,40.44,58.03,2.44
506,Abu Zabad,69,SD,1558562981,8,12.35,29.25,89.53,7.38
507,Kachug,10,RU,1558562981,85,53.96,105.89,40.03,1.81
508,Beira,20,ES,1558562982,87,43.2,-8.36,59.0,5.32
509,Poya,0,NC,1558562982,67,-21.35,165.16,73.51,9.46
510,Dicamay,100,PH,1558562982,88,16.76,122.0,75.85,0.65
511,Lasa,20,CY,1558562982,52,34.92,32.53,71.6,2.24
512,Kirakira,89,SB,1558562982,77,-10.46,161.92,81.07,6.17
513,Mount Isa,0,AU,1558562982,59,-20.73,139.49,60.8,1.12
514,Ahuimanu,20,US,1558562983,62,21.44,-157.84,87.8,10.29
515,Montijo,20,PT,1558562983,87,38.71,-8.97,64.4,13.87
516,Telafas,98,PH,1558562983,89,6.64,124.97,70.27,2.42
517,Nauta,100,PE,1558562983,49,-4.51,-73.58,89.53,2.01
518,Ouadda,87,CF,1558562983,46,8.07,22.4,82.15,4.76
519,Fez,0,MA,1558562984,60,34.03,-5.02,68.0,11.41
520,Ola,100,RU,1558562984,90,59.58,151.3,38.59,12.44
521,Dunedin,56,NZ,1558562984,64,-45.87,170.5,55.99,8.99
522,Petrivka,100,UA,1558562985,95,48.39,37.78,57.13,7.34
523,San Nicolas,98,HN,1558562985,76,14.94,-88.33,80.35,3.67
524,Egvekinot,100,RU,1558562864,99,66.32,-179.17,30.13,1.57
525,Salinopolis,1,BR,1558562988,76,-0.61,-47.36,82.87,10.47
526,Udachnyy,0,RU,1558562988,69,66.42,112.4,37.4,6.71
527,Nicoya,75,CR,1558562988,94,10.15,-85.45,77.0,3.36
528,Kenai,1,US,1558562989,44,60.55,-151.26,63.0,14.99
529,Bam,0,IR,1558562989,54,29.11,58.36,62.35,6.35
530,Sabinas,0,MX,1558562989,28,27.85,-101.13,98.89,10.67
531,Baruun-Urt,91,MN,1558562989,34,46.68,113.28,61.99,2.98
532,Vardo,1,US,1558562989,52,39.62,-77.74,73.99,6.93
533,Tilichiki,100,RU,1558562989,63,60.47,166.1,42.55,6.46
534,Najran,75,SA,1558562990,93,17.54,44.22,64.4,6.93
535,Grand Gaube,75,MU,1558562990,83,-20.01,57.66,75.2,14.47
536,Popondetta,89,PG,1558562990,79,-8.77,148.24,68.65,2.1
537,Maldonado,20,UY,1558562990,71,-34.91,-54.96,57.2,5.82
538,Odda,99,NO,1558562990,93,60.07,6.55,50.0,7.0
539,Bazarnyy Syzgan,96,RU,1558562990,93,53.75,46.75,54.25,8.5
540,Hauterive,0,FR,1558562991,71,46.09,3.45,53.6,1.12
541,Huron,90,US,1558562991,81,44.36,-98.21,55.4,8.05
542,Xiongyue,1,CN,1558562991,51,40.18,122.12,55.15,9.93
543,Millerovo,100,RU,1558562991,93,48.92,40.39,59.11,6.87
544,Guangshui,12,CN,1558562991,59,31.62,113.82,64.33,2.82
